period_date,sector_code,sector_name,employment_thousands
2000-01-01,CES2000000001,Construction,6752.0
2000-02-01,CES2000000001,Construction,6730.0
2000-03-01,CES2000000001,Construction,6811.0
2000-04-01,CES2000000001,Construction,6794.0
2000-05-01,CES2000000001,Construction,6770.0
2000-06-01,CES2000000001,Construction,6778.0
2000-07-01,CES2000000001,Construction,6794.0
2000-08-01,CES2000000001,Construction,6796.0
2000-09-01,CES2000000001,Construction,6807.0
2000-10-01,CES2000000001,Construction,6814.0
2000-11-01,CES2000000001,Construction,6817.0
2000-12-01,CES2000000001,Construction,6792.0
2001-01-01,CES2000000001,Construction,6824.0
2001-02-01,CES2000000001,Construction,6841.0
2001-03-01,CES2000000001,Construction,6862.0
2001-04-01,CES2000000001,Construction,6844.0
2001-05-01,CES2000000001,Construction,6849.0
2001-06-01,CES2000000001,Construction,6840.0
2001-07-01,CES2000000001,Construction,6845.0
2001-08-01,CES2000000001,Construction,6827.0
2001-09-01,CES2000000001,Construction,6813.0
2001-10-01,CES2000000001,Construction,6804.0
2001-11-01,CES2000000001,Construction,6784.0
2001-12-01,CES2000000001,Construction,6785.0
2002-01-01,CES2000000001,Construction,6775.0
2002-02-01,CES2000000001,Construction,6766.0
2002-03-01,CES2000000001,Construction,6755.0
2002-04-01,CES2000000001,Construction,6710.0
2002-05-01,CES2000000001,Construction,6684.0
2002-06-01,CES2000000001,Construction,6701.0
2002-07-01,CES2000000001,Construction,6688.0
2002-08-01,CES2000000001,Construction,6701.0
2002-09-01,CES2000000001,Construction,6702.0
2002-10-01,CES2000000001,Construction,6689.0
2002-11-01,CES2000000001,Construction,6713.0
2002-12-01,CES2000000001,Construction,6700.0
2003-01-01,CES2000000001,Construction,6704.0
2003-02-01,CES2000000001,Construction,6667.0
2003-03-01,CES2000000001,Construction,6654.0
2003-04-01,CES2000000001,Construction,6689.0
2003-05-01,CES2000000001,Construction,6706.0
2003-06-01,CES2000000001,Construction,6723.0
2003-07-01,CES2000000001,Construction,6735.0
2003-08-01,CES2000000001,Construction,6760.0
2003-09-01,CES2000000001,Construction,6783.0
2003-10-01,CES2000000001,Construction,6784.0
2003-11-01,CES2000000001,Construction,6796.0
2003-12-01,CES2000000001,Construction,6827.0
2004-01-01,CES2000000001,Construction,6848.0
2004-02-01,CES2000000001,Construction,6838.0
2004-03-01,CES2000000001,Construction,6887.0
2004-04-01,CES2000000001,Construction,6901.0
2004-05-01,CES2000000001,Construction,6948.0
2004-06-01,CES2000000001,Construction,6962.0
2004-07-01,CES2000000001,Construction,6977.0
2004-08-01,CES2000000001,Construction,7003.0
2004-09-01,CES2000000001,Construction,7029.0
2004-10-01,CES2000000001,Construction,7077.0
2004-11-01,CES2000000001,Construction,7091.0
2004-12-01,CES2000000001,Construction,7117.0
2005-01-01,CES2000000001,Construction,7095.0
2005-02-01,CES2000000001,Construction,7153.0
2005-03-01,CES2000000001,Construction,7181.0
2005-04-01,CES2000000001,Construction,7266.0
2005-05-01,CES2000000001,Construction,7294.0
2005-06-01,CES2000000001,Construction,7333.0
2005-07-01,CES2000000001,Construction,7353.0
2005-08-01,CES2000000001,Construction,7394.0
2005-09-01,CES2000000001,Construction,7415.0
2005-10-01,CES2000000001,Construction,7460.0
2005-11-01,CES2000000001,Construction,7524.0
2005-12-01,CES2000000001,Construction,7533.0
2006-01-01,CES2000000001,Construction,7601.0
2006-02-01,CES2000000001,Construction,7664.0
2006-03-01,CES2000000001,Construction,7689.0
2006-04-01,CES2000000001,Construction,7726.0
2006-05-01,CES2000000001,Construction,7713.0
2006-06-01,CES2000000001,Construction,7699.0
2006-07-01,CES2000000001,Construction,7712.0
2006-08-01,CES2000000001,Construction,7720.0
2006-09-01,CES2000000001,Construction,7718.0
2006-10-01,CES2000000001,Construction,7682.0
2006-11-01,CES2000000001,Construction,7666.0
2006-12-01,CES2000000001,Construction,7685.0
2007-01-01,CES2000000001,Construction,7725.0
2007-02-01,CES2000000001,Construction,7626.0
2007-03-01,CES2000000001,Construction,7706.0
2007-04-01,CES2000000001,Construction,7686.0
2007-05-01,CES2000000001,Construction,7673.0
2007-06-01,CES2000000001,Construction,7687.0
2007-07-01,CES2000000001,Construction,7660.0
2007-08-01,CES2000000001,Construction,7610.0
2007-09-01,CES2000000001,Construction,7577.0
2007-10-01,CES2000000001,Construction,7565.0
2007-11-01,CES2000000001,Construction,7523.0
2007-12-01,CES2000000001,Construction,7490.0
2008-01-01,CES2000000001,Construction,7476.0
2008-02-01,CES2000000001,Construction,7453.0
2008-03-01,CES2000000001,Construction,7406.0
2008-04-01,CES2000000001,Construction,7327.0
2008-05-01,CES2000000001,Construction,7274.0
2008-06-01,CES2000000001,Construction,7213.0
2008-07-01,CES2000000001,Construction,7160.0
2008-08-01,CES2000000001,Construction,7114.0
2008-09-01,CES2000000001,Construction,7044.0
2008-10-01,CES2000000001,Construction,6967.0
2008-11-01,CES2000000001,Construction,6813.0
2008-12-01,CES2000000001,Construction,6701.0
2009-01-01,CES2000000001,Construction,6567.0
2009-02-01,CES2000000001,Construction,6446.0
2009-03-01,CES2000000001,Construction,6291.0
2009-04-01,CES2000000001,Construction,6154.0
2009-05-01,CES2000000001,Construction,6100.0
2009-06-01,CES2000000001,Construction,6010.0
2009-07-01,CES2000000001,Construction,5932.0
2009-08-01,CES2000000001,Construction,5855.0
2009-09-01,CES2000000001,Construction,5787.0
2009-10-01,CES2000000001,Construction,5716.0
2009-11-01,CES2000000001,Construction,5696.0
2009-12-01,CES2000000001,Construction,5654.0
2000-01-01,CES7000000001,Education and Health Services,11713.0
2000-02-01,CES7000000001,Education and Health Services,11719.0
2000-03-01,CES7000000001,Education and Health Services,11788.0
2000-04-01,CES7000000001,Education and Health Services,11834.0
2000-05-01,CES7000000001,Education and Health Services,11827.0
2000-06-01,CES7000000001,Education and Health Services,11869.0
2000-07-01,CES7000000001,Education and Health Services,11900.0
2000-08-01,CES7000000001,Education and Health Services,11927.0
2000-09-01,CES7000000001,Education and Health Services,11940.0
2000-10-01,CES7000000001,Education and Health Services,11876.0
2000-11-01,CES7000000001,Education and Health Services,11946.0
2000-12-01,CES7000000001,Education and Health Services,11976.0
2001-01-01,CES7000000001,Education and Health Services,11977.0
2001-02-01,CES7000000001,Education and Health Services,11997.0
2001-03-01,CES7000000001,Education and Health Services,12000.0
2001-04-01,CES7000000001,Education and Health Services,12040.0
2001-05-01,CES7000000001,Education and Health Services,12068.0
2001-06-01,CES7000000001,Education and Health Services,12076.0
2001-07-01,CES7000000001,Education and Health Services,12110.0
2001-08-01,CES7000000001,Education and Health Services,12093.0
2001-09-01,CES7000000001,Education and Health Services,12061.0
2001-10-01,CES7000000001,Education and Health Services,12015.0
2001-11-01,CES7000000001,Education and Health Services,11985.0
2001-12-01,CES7000000001,Education and Health Services,11967.0
2002-01-01,CES7000000001,Education and Health Services,12006.0
2002-02-01,CES7000000001,Education and Health Services,11962.0
2002-03-01,CES7000000001,Education and Health Services,11965.0
2002-04-01,CES7000000001,Education and Health Services,11928.0
2002-05-01,CES7000000001,Education and Health Services,11936.0
2002-06-01,CES7000000001,Education and Health Services,11905.0
2002-07-01,CES7000000001,Education and Health Services,11912.0
2002-08-01,CES7000000001,Education and Health Services,11936.0
2002-09-01,CES7000000001,Education and Health Services,11991.0
2002-10-01,CES7000000001,Education and Health Services,12070.0
2002-11-01,CES7000000001,Education and Health Services,12109.0
2002-12-01,CES7000000001,Education and Health Services,12112.0
2003-01-01,CES7000000001,Education and Health Services,12173.0
2003-02-01,CES7000000001,Education and Health Services,12130.0
2003-03-01,CES7000000001,Education and Health Services,12109.0
2003-04-01,CES7000000001,Education and Health Services,12085.0
2003-05-01,CES7000000001,Education and Health Services,12092.0
2003-06-01,CES7000000001,Education and Health Services,12121.0
2003-07-01,CES7000000001,Education and Health Services,12143.0
2003-08-01,CES7000000001,Education and Health Services,12177.0
2003-09-01,CES7000000001,Education and Health Services,12208.0
2003-10-01,CES7000000001,Education and Health Services,12259.0
2003-11-01,CES7000000001,Education and Health Services,12284.0
2003-12-01,CES7000000001,Education and Health Services,12320.0
2004-01-01,CES7000000001,Education and Health Services,12346.0
2004-02-01,CES7000000001,Education and Health Services,12372.0
2004-03-01,CES7000000001,Education and Health Services,12425.0
2004-04-01,CES7000000001,Education and Health Services,12435.0
2004-05-01,CES7000000001,Education and Health Services,12481.0
2004-06-01,CES7000000001,Education and Health Services,12495.0
2004-07-01,CES7000000001,Education and Health Services,12495.0
2004-08-01,CES7000000001,Education and Health Services,12485.0
2004-09-01,CES7000000001,Education and Health Services,12550.0
2004-10-01,CES7000000001,Education and Health Services,12582.0
2004-11-01,CES7000000001,Education and Health Services,12606.0
2004-12-01,CES7000000001,Education and Health Services,12630.0
2005-01-01,CES7000000001,Education and Health Services,12665.0
2005-02-01,CES7000000001,Education and Health Services,12690.0
2005-03-01,CES7000000001,Education and Health Services,12718.0
2005-04-01,CES7000000001,Education and Health Services,12802.0
2005-05-01,CES7000000001,Education and Health Services,12797.0
2005-06-01,CES7000000001,Education and Health Services,12837.0
2005-07-01,CES7000000001,Education and Health Services,12867.0
2005-08-01,CES7000000001,Education and Health Services,12891.0
2005-09-01,CES7000000001,Education and Health Services,12862.0
2005-10-01,CES7000000001,Education and Health Services,12840.0
2005-11-01,CES7000000001,Education and Health Services,12884.0
2005-12-01,CES7000000001,Education and Health Services,12905.0
2006-01-01,CES7000000001,Education and Health Services,12945.0
2006-02-01,CES7000000001,Education and Health Services,12980.0
2006-03-01,CES7000000001,Education and Health Services,13034.0
2006-04-01,CES7000000001,Education and Health Services,13074.0
2006-05-01,CES7000000001,Education and Health Services,13052.0
2006-06-01,CES7000000001,Education and Health Services,13061.0
2006-07-01,CES7000000001,Education and Health Services,13130.0
2006-08-01,CES7000000001,Education and Health Services,13152.0
2006-09-01,CES7000000001,Education and Health Services,13150.0
2006-10-01,CES7000000001,Education and Health Services,13187.0
2006-11-01,CES7000000001,Education and Health Services,13251.0
2006-12-01,CES7000000001,Education and Health Services,13292.0
2007-01-01,CES7000000001,Education and Health Services,13338.0
2007-02-01,CES7000000001,Education and Health Services,13361.0
2007-03-01,CES7000000001,Education and Health Services,13363.0
2007-04-01,CES7000000001,Education and Health Services,13375.0
2007-05-01,CES7000000001,Education and Health Services,13404.0
2007-06-01,CES7000000001,Education and Health Services,13413.0
2007-07-01,CES7000000001,Education and Health Services,13417.0
2007-08-01,CES7000000001,Education and Health Services,13419.0
2007-09-01,CES7000000001,Education and Health Services,13461.0
2007-10-01,CES7000000001,Education and Health Services,13499.0
2007-11-01,CES7000000001,Education and Health Services,13535.0
2007-12-01,CES7000000001,Education and Health Services,13550.0
2008-01-01,CES7000000001,Education and Health Services,13542.0
2008-02-01,CES7000000001,Education and Health Services,13543.0
2008-03-01,CES7000000001,Education and Health Services,13531.0
2008-04-01,CES7000000001,Education and Health Services,13511.0
2008-05-01,CES7000000001,Education and Health Services,13498.0
2008-06-01,CES7000000001,Education and Health Services,13482.0
2008-07-01,CES7000000001,Education and Health Services,13463.0
2008-08-01,CES7000000001,Education and Health Services,13431.0
2008-09-01,CES7000000001,Education and Health Services,13379.0
2008-10-01,CES7000000001,Education and Health Services,13352.0
2008-11-01,CES7000000001,Education and Health Services,13300.0
2008-12-01,CES7000000001,Education and Health Services,13256.0
2009-01-01,CES7000000001,Education and Health Services,13222.0
2009-02-01,CES7000000001,Education and Health Services,13193.0
2009-03-01,CES7000000001,Education and Health Services,13127.0
2009-04-01,CES7000000001,Education and Health Services,13056.0
2009-05-01,CES7000000001,Education and Health Services,13106.0
2009-06-01,CES7000000001,Education and Health Services,13076.0
2009-07-01,CES7000000001,Education and Health Services,13078.0
2009-08-01,CES7000000001,Education and Health Services,13046.0
2009-09-01,CES7000000001,Education and Health Services,13054.0
2009-10-01,CES7000000001,Education and Health Services,12995.0
2009-11-01,CES7000000001,Education and Health Services,12986.0
2009-12-01,CES7000000001,Education and Health Services,12944.0
2000-01-01,CES5500000001,Financial Activities,7769.0
2000-02-01,CES5500000001,Financial Activities,7772.0
2000-03-01,CES5500000001,Financial Activities,7767.0
2000-04-01,CES5500000001,Financial Activities,7763.0
2000-05-01,CES5500000001,Financial Activities,7762.0
2000-06-01,CES5500000001,Financial Activities,7763.0
2000-07-01,CES5500000001,Financial Activities,7766.0
2000-08-01,CES5500000001,Financial Activities,7777.0
2000-09-01,CES5500000001,Financial Activities,7798.0
2000-10-01,CES5500000001,Financial Activities,7809.0
2000-11-01,CES5500000001,Financial Activities,7823.0
2000-12-01,CES5500000001,Financial Activities,7838.0
2001-01-01,CES5500000001,Financial Activities,7845.0
2001-02-01,CES5500000001,Financial Activities,7868.0
2001-03-01,CES5500000001,Financial Activities,7885.0
2001-04-01,CES5500000001,Financial Activities,7888.0
2001-05-01,CES5500000001,Financial Activities,7899.0
2001-06-01,CES5500000001,Financial Activities,7904.0
2001-07-01,CES5500000001,Financial Activities,7891.0
2001-08-01,CES5500000001,Financial Activities,7916.0
2001-09-01,CES5500000001,Financial Activities,7916.0
2001-10-01,CES5500000001,Financial Activities,7925.0
2001-11-01,CES5500000001,Financial Activities,7940.0
2001-12-01,CES5500000001,Financial Activities,7934.0
2002-01-01,CES5500000001,Financial Activities,7939.0
2002-02-01,CES5500000001,Financial Activities,7931.0
2002-03-01,CES5500000001,Financial Activities,7929.0
2002-04-01,CES5500000001,Financial Activities,7935.0
2002-05-01,CES5500000001,Financial Activities,7933.0
2002-06-01,CES5500000001,Financial Activities,7938.0
2002-07-01,CES5500000001,Financial Activities,7942.0
2002-08-01,CES5500000001,Financial Activities,7950.0
2002-09-01,CES5500000001,Financial Activities,7965.0
2002-10-01,CES5500000001,Financial Activities,7991.0
2002-11-01,CES5500000001,Financial Activities,8003.0
2002-12-01,CES5500000001,Financial Activities,8017.0
2003-01-01,CES5500000001,Financial Activities,8025.0
2003-02-01,CES5500000001,Financial Activities,8037.0
2003-03-01,CES5500000001,Financial Activities,8051.0
2003-04-01,CES5500000001,Financial Activities,8076.0
2003-05-01,CES5500000001,Financial Activities,8093.0
2003-06-01,CES5500000001,Financial Activities,8089.0
2003-07-01,CES5500000001,Financial Activities,8101.0
2003-08-01,CES5500000001,Financial Activities,8102.0
2003-09-01,CES5500000001,Financial Activities,8100.0
2003-10-01,CES5500000001,Financial Activities,8090.0
2003-11-01,CES5500000001,Financial Activities,8083.0
2003-12-01,CES5500000001,Financial Activities,8076.0
2004-01-01,CES5500000001,Financial Activities,8078.0
2004-02-01,CES5500000001,Financial Activities,8078.0
2004-03-01,CES5500000001,Financial Activities,8085.0
2004-04-01,CES5500000001,Financial Activities,8097.0
2004-05-01,CES5500000001,Financial Activities,8115.0
2004-06-01,CES5500000001,Financial Activities,8116.0
2004-07-01,CES5500000001,Financial Activities,8099.0
2004-08-01,CES5500000001,Financial Activities,8107.0
2004-09-01,CES5500000001,Financial Activities,8120.0
2004-10-01,CES5500000001,Financial Activities,8115.0
2004-11-01,CES5500000001,Financial Activities,8117.0
2004-12-01,CES5500000001,Financial Activities,8133.0
2005-01-01,CES5500000001,Financial Activities,8143.0
2005-02-01,CES5500000001,Financial Activities,8146.0
2005-03-01,CES5500000001,Financial Activities,8139.0
2005-04-01,CES5500000001,Financial Activities,8150.0
2005-05-01,CES5500000001,Financial Activities,8154.0
2005-06-01,CES5500000001,Financial Activities,8172.0
2005-07-01,CES5500000001,Financial Activities,8191.0
2005-08-01,CES5500000001,Financial Activities,8215.0
2005-09-01,CES5500000001,Financial Activities,8224.0
2005-10-01,CES5500000001,Financial Activities,8259.0
2005-11-01,CES5500000001,Financial Activities,8281.0
2005-12-01,CES5500000001,Financial Activities,8284.0
2006-01-01,CES5500000001,Financial Activities,8305.0
2006-02-01,CES5500000001,Financial Activities,8333.0
2006-03-01,CES5500000001,Financial Activities,8350.0
2006-04-01,CES5500000001,Financial Activities,8372.0
2006-05-01,CES5500000001,Financial Activities,8376.0
2006-06-01,CES5500000001,Financial Activities,8364.0
2006-07-01,CES5500000001,Financial Activities,8366.0
2006-08-01,CES5500000001,Financial Activities,8373.0
2006-09-01,CES5500000001,Financial Activities,8389.0
2006-10-01,CES5500000001,Financial Activities,8384.0
2006-11-01,CES5500000001,Financial Activities,8392.0
2006-12-01,CES5500000001,Financial Activities,8391.0
2007-01-01,CES5500000001,Financial Activities,8388.0
2007-02-01,CES5500000001,Financial Activities,8391.0
2007-03-01,CES5500000001,Financial Activities,8381.0
2007-04-01,CES5500000001,Financial Activities,8362.0
2007-05-01,CES5500000001,Financial Activities,8371.0
2007-06-01,CES5500000001,Financial Activities,8368.0
2007-07-01,CES5500000001,Financial Activities,8370.0
2007-08-01,CES5500000001,Financial Activities,8342.0
2007-09-01,CES5500000001,Financial Activities,8319.0
2007-10-01,CES5500000001,Financial Activities,8306.0
2007-11-01,CES5500000001,Financial Activities,8291.0
2007-12-01,CES5500000001,Financial Activities,8280.0
2008-01-01,CES5500000001,Financial Activities,8276.0
2008-02-01,CES5500000001,Financial Activities,8269.0
2008-03-01,CES5500000001,Financial Activities,8268.0
2008-04-01,CES5500000001,Financial Activities,8258.0
2008-05-01,CES5500000001,Financial Activities,8249.0
2008-06-01,CES5500000001,Financial Activities,8236.0
2008-07-01,CES5500000001,Financial Activities,8219.0
2008-08-01,CES5500000001,Financial Activities,8205.0
2008-09-01,CES5500000001,Financial Activities,8173.0
2008-10-01,CES5500000001,Financial Activities,8139.0
2008-11-01,CES5500000001,Financial Activities,8100.0
2008-12-01,CES5500000001,Financial Activities,8067.0
2009-01-01,CES5500000001,Financial Activities,8017.0
2009-02-01,CES5500000001,Financial Activities,7969.0
2009-03-01,CES5500000001,Financial Activities,7927.0
2009-04-01,CES5500000001,Financial Activities,7872.0
2009-05-01,CES5500000001,Financial Activities,7844.0
2009-06-01,CES5500000001,Financial Activities,7819.0
2009-07-01,CES5500000001,Financial Activities,7805.0
2009-08-01,CES5500000001,Financial Activities,7780.0
2009-09-01,CES5500000001,Financial Activities,7770.0
2009-10-01,CES5500000001,Financial Activities,7751.0
2009-11-01,CES5500000001,Financial Activities,7756.0
2009-12-01,CES5500000001,Financial Activities,7744.0
2000-01-01,CES9000000001,Government,20571.0
2000-02-01,CES9000000001,Government,20599.0
2000-03-01,CES9000000001,Government,20733.0
2000-04-01,CES9000000001,Government,20802.0
2000-05-01,CES9000000001,Government,21147.0
2000-06-01,CES9000000001,Government,20887.0
2000-07-01,CES9000000001,Government,20867.0
2000-08-01,CES9000000001,Government,20837.0
2000-09-01,CES9000000001,Government,20735.0
2000-10-01,CES9000000001,Government,20743.0
2000-11-01,CES9000000001,Government,20760.0
2000-12-01,CES9000000001,Government,20804.0
2001-01-01,CES9000000001,Government,20835.0
2001-02-01,CES9000000001,Government,20906.0
2001-03-01,CES9000000001,Government,20945.0
2001-04-01,CES9000000001,Government,20992.0
2001-05-01,CES9000000001,Government,21029.0
2001-06-01,CES9000000001,Government,21137.0
2001-07-01,CES9000000001,Government,21185.0
2001-08-01,CES9000000001,Government,21218.0
2001-09-01,CES9000000001,Government,21242.0
2001-10-01,CES9000000001,Government,21275.0
2001-11-01,CES9000000001,Government,21326.0
2001-12-01,CES9000000001,Government,21355.0
2002-01-01,CES9000000001,Government,21377.0
2002-02-01,CES9000000001,Government,21390.0
2002-03-01,CES9000000001,Government,21431.0
2002-04-01,CES9000000001,Government,21443.0
2002-05-01,CES9000000001,Government,21514.0
2002-06-01,CES9000000001,Government,21549.0
2002-07-01,CES9000000001,Government,21544.0
2002-08-01,CES9000000001,Government,21589.0
2002-09-01,CES9000000001,Government,21546.0
2002-10-01,CES9000000001,Government,21559.0
2002-11-01,CES9000000001,Government,21581.0
2002-12-01,CES9000000001,Government,21588.0
2003-01-01,CES9000000001,Government,21626.0
2003-02-01,CES9000000001,Government,21624.0
2003-03-01,CES9000000001,Government,21610.0
2003-04-01,CES9000000001,Government,21595.0
2003-05-01,CES9000000001,Government,21567.0
2003-06-01,CES9000000001,Government,21606.0
2003-07-01,CES9000000001,Government,21633.0
2003-08-01,CES9000000001,Government,21556.0
2003-09-01,CES9000000001,Government,21504.0
2003-10-01,CES9000000001,Government,21558.0
2003-11-01,CES9000000001,Government,21535.0
2003-12-01,CES9000000001,Government,21546.0
2004-01-01,CES9000000001,Government,21538.0
2004-02-01,CES9000000001,Government,21550.0
2004-03-01,CES9000000001,Government,21588.0
2004-04-01,CES9000000001,Government,21614.0
2004-05-01,CES9000000001,Government,21614.0
2004-06-01,CES9000000001,Government,21601.0
2004-07-01,CES9000000001,Government,21606.0
2004-08-01,CES9000000001,Government,21626.0
2004-09-01,CES9000000001,Government,21635.0
2004-10-01,CES9000000001,Government,21656.0
2004-11-01,CES9000000001,Government,21692.0
2004-12-01,CES9000000001,Government,21693.0
2005-01-01,CES9000000001,Government,21735.0
2005-02-01,CES9000000001,Government,21744.0
2005-03-01,CES9000000001,Government,21740.0
2005-04-01,CES9000000001,Government,21754.0
2005-05-01,CES9000000001,Government,21781.0
2005-06-01,CES9000000001,Government,21763.0
2005-07-01,CES9000000001,Government,21857.0
2005-08-01,CES9000000001,Government,21863.0
2005-09-01,CES9000000001,Government,21845.0
2005-10-01,CES9000000001,Government,21829.0
2005-11-01,CES9000000001,Government,21859.0
2005-12-01,CES9000000001,Government,21879.0
2006-01-01,CES9000000001,Government,21847.0
2006-02-01,CES9000000001,Government,21878.0
2006-03-01,CES9000000001,Government,21903.0
2006-04-01,CES9000000001,Government,21919.0
2006-05-01,CES9000000001,Government,21926.0
2006-06-01,CES9000000001,Government,21922.0
2006-07-01,CES9000000001,Government,21973.0
2006-08-01,CES9000000001,Government,22011.0
2006-09-01,CES9000000001,Government,22082.0
2006-10-01,CES9000000001,Government,22068.0
2006-11-01,CES9000000001,Government,22083.0
2006-12-01,CES9000000001,Government,22088.0
2007-01-01,CES9000000001,Government,22095.0
2007-02-01,CES9000000001,Government,22131.0
2007-03-01,CES9000000001,Government,22149.0
2007-04-01,CES9000000001,Government,22175.0
2007-05-01,CES9000000001,Government,22193.0
2007-06-01,CES9000000001,Government,22207.0
2007-07-01,CES9000000001,Government,22171.0
2007-08-01,CES9000000001,Government,22226.0
2007-09-01,CES9000000001,Government,22279.0
2007-10-01,CES9000000001,Government,22297.0
2007-11-01,CES9000000001,Government,22334.0
2007-12-01,CES9000000001,Government,22376.0
2008-01-01,CES9000000001,Government,22388.0
2008-02-01,CES9000000001,Government,22417.0
2008-03-01,CES9000000001,Government,22443.0
2008-04-01,CES9000000001,Government,22450.0
2008-05-01,CES9000000001,Government,22483.0
2008-06-01,CES9000000001,Government,22517.0
2008-07-01,CES9000000001,Government,22568.0
2008-08-01,CES9000000001,Government,22567.0
2008-09-01,CES9000000001,Government,22537.0
2008-10-01,CES9000000001,Government,22549.0
2008-11-01,CES9000000001,Government,22560.0
2008-12-01,CES9000000001,Government,22556.0
2009-01-01,CES9000000001,Government,22579.0
2009-02-01,CES9000000001,Government,22576.0
2009-03-01,CES9000000001,Government,22560.0
2009-04-01,CES9000000001,Government,22677.0
2009-05-01,CES9000000001,Government,22617.0
2009-06-01,CES9000000001,Government,22576.0
2009-07-01,CES9000000001,Government,22521.0
2009-08-01,CES9000000001,Government,22537.0
2009-09-01,CES9000000001,Government,22451.0
2009-10-01,CES9000000001,Government,22524.0
2009-11-01,CES9000000001,Government,22533.0
2009-12-01,CES9000000001,Government,22482.0
2000-01-01,CES5000000001,Information,3552.0
2000-02-01,CES5000000001,Information,3570.0
2000-03-01,CES5000000001,Information,3591.0
2000-04-01,CES5000000001,Information,3609.0
2000-05-01,CES5000000001,Information,3615.0
2000-06-01,CES5000000001,Information,3642.0
2000-07-01,CES5000000001,Information,3658.0
2000-08-01,CES5000000001,Information,3584.0
2000-09-01,CES5000000001,Information,3676.0
2000-10-01,CES5000000001,Information,3676.0
2000-11-01,CES5000000001,Information,3685.0
2000-12-01,CES5000000001,Information,3707.0
2001-01-01,CES5000000001,Information,3711.0
2001-02-01,CES5000000001,Information,3716.0
2001-03-01,CES5000000001,Information,3718.0
2001-04-01,CES5000000001,Information,3686.0
2001-05-01,CES5000000001,Information,3663.0
2001-06-01,CES5000000001,Information,3642.0
2001-07-01,CES5000000001,Information,3619.0
2001-08-01,CES5000000001,Information,3598.0
2001-09-01,CES5000000001,Information,3581.0
2001-10-01,CES5000000001,Information,3557.0
2001-11-01,CES5000000001,Information,3536.0
2001-12-01,CES5000000001,Information,3521.0
2002-01-01,CES5000000001,Information,3495.0
2002-02-01,CES5000000001,Information,3471.0
2002-03-01,CES5000000001,Information,3454.0
2002-04-01,CES5000000001,Information,3435.0
2002-05-01,CES5000000001,Information,3417.0
2002-06-01,CES5000000001,Information,3401.0
2002-07-01,CES5000000001,Information,3381.0
2002-08-01,CES5000000001,Information,3370.0
2002-09-01,CES5000000001,Information,3344.0
2002-10-01,CES5000000001,Information,3349.0
2002-11-01,CES5000000001,Information,3328.0
2002-12-01,CES5000000001,Information,3288.0
2003-01-01,CES5000000001,Information,3264.0
2003-02-01,CES5000000001,Information,3235.0
2003-03-01,CES5000000001,Information,3221.0
2003-04-01,CES5000000001,Information,3208.0
2003-05-01,CES5000000001,Information,3194.0
2003-06-01,CES5000000001,Information,3182.0
2003-07-01,CES5000000001,Information,3176.0
2003-08-01,CES5000000001,Information,3163.0
2003-09-01,CES5000000001,Information,3162.0
2003-10-01,CES5000000001,Information,3155.0
2003-11-01,CES5000000001,Information,3150.0
2003-12-01,CES5000000001,Information,3150.0
2004-01-01,CES5000000001,Information,3141.0
2004-02-01,CES5000000001,Information,3141.0
2004-03-01,CES5000000001,Information,3134.0
2004-04-01,CES5000000001,Information,3130.0
2004-05-01,CES5000000001,Information,3135.0
2004-06-01,CES5000000001,Information,3136.0
2004-07-01,CES5000000001,Information,3124.0
2004-08-01,CES5000000001,Information,3108.0
2004-09-01,CES5000000001,Information,3096.0
2004-10-01,CES5000000001,Information,3099.0
2004-11-01,CES5000000001,Information,3088.0
2004-12-01,CES5000000001,Information,3077.0
2005-01-01,CES5000000001,Information,3071.0
2005-02-01,CES5000000001,Information,3057.0
2005-03-01,CES5000000001,Information,3062.0
2005-04-01,CES5000000001,Information,3066.0
2005-05-01,CES5000000001,Information,3062.0
2005-06-01,CES5000000001,Information,3057.0
2005-07-01,CES5000000001,Information,3061.0
2005-08-01,CES5000000001,Information,3063.0
2005-09-01,CES5000000001,Information,3070.0
2005-10-01,CES5000000001,Information,3055.0
2005-11-01,CES5000000001,Information,3055.0
2005-12-01,CES5000000001,Information,3052.0
2006-01-01,CES5000000001,Information,3054.0
2006-02-01,CES5000000001,Information,3052.0
2006-03-01,CES5000000001,Information,3055.0
2006-04-01,CES5000000001,Information,3047.0
2006-05-01,CES5000000001,Information,3039.0
2006-06-01,CES5000000001,Information,3036.0
2006-07-01,CES5000000001,Information,3031.0
2006-08-01,CES5000000001,Information,3035.0
2006-09-01,CES5000000001,Information,3028.0
2006-10-01,CES5000000001,Information,3024.0
2006-11-01,CES5000000001,Information,3024.0
2006-12-01,CES5000000001,Information,3034.0
2007-01-01,CES5000000001,Information,3030.0
2007-02-01,CES5000000001,Information,3034.0
2007-03-01,CES5000000001,Information,3030.0
2007-04-01,CES5000000001,Information,3035.0
2007-05-01,CES5000000001,Information,3040.0
2007-06-01,CES5000000001,Information,3038.0
2007-07-01,CES5000000001,Information,3037.0
2007-08-01,CES5000000001,Information,3028.0
2007-09-01,CES5000000001,Information,3031.0
2007-10-01,CES5000000001,Information,3028.0
2007-11-01,CES5000000001,Information,3025.0
2007-12-01,CES5000000001,Information,3026.0
2008-01-01,CES5000000001,Information,3026.0
2008-02-01,CES5000000001,Information,3019.0
2008-03-01,CES5000000001,Information,3021.0
2008-04-01,CES5000000001,Information,3013.0
2008-05-01,CES5000000001,Information,3008.0
2008-06-01,CES5000000001,Information,3001.0
2008-07-01,CES5000000001,Information,2987.0
2008-08-01,CES5000000001,Information,2972.0
2008-09-01,CES5000000001,Information,2962.0
2008-10-01,CES5000000001,Information,2951.0
2008-11-01,CES5000000001,Information,2931.0
2008-12-01,CES5000000001,Information,2911.0
2009-01-01,CES5000000001,Information,2891.0
2009-02-01,CES5000000001,Information,2878.0
2009-03-01,CES5000000001,Information,2864.0
2009-04-01,CES5000000001,Information,2832.0
2009-05-01,CES5000000001,Information,2807.0
2009-06-01,CES5000000001,Information,2795.0
2009-07-01,CES5000000001,Information,2778.0
2009-08-01,CES5000000001,Information,2767.0
2009-09-01,CES5000000001,Information,2769.0
2009-10-01,CES5000000001,Information,2764.0
2009-11-01,CES5000000001,Information,2752.0
2009-12-01,CES5000000001,Information,2745.0
2000-01-01,CES3000000001,Manufacturing,17284.0
2000-02-01,CES3000000001,Manufacturing,17284.0
2000-03-01,CES3000000001,Manufacturing,17302.0
2000-04-01,CES3000000001,Manufacturing,17299.0
2000-05-01,CES3000000001,Manufacturing,17278.0
2000-06-01,CES3000000001,Manufacturing,17295.0
2000-07-01,CES3000000001,Manufacturing,17322.0
2000-08-01,CES3000000001,Manufacturing,17287.0
2000-09-01,CES3000000001,Manufacturing,17229.0
2000-10-01,CES3000000001,Manufacturing,17217.0
2000-11-01,CES3000000001,Manufacturing,17202.0
2000-12-01,CES3000000001,Manufacturing,17181.0
2001-01-01,CES3000000001,Manufacturing,17105.0
2001-02-01,CES3000000001,Manufacturing,17030.0
2001-03-01,CES3000000001,Manufacturing,16938.0
2001-04-01,CES3000000001,Manufacturing,16802.0
2001-05-01,CES3000000001,Manufacturing,16660.0
2001-06-01,CES3000000001,Manufacturing,16513.0
2001-07-01,CES3000000001,Manufacturing,16381.0
2001-08-01,CES3000000001,Manufacturing,16233.0
2001-09-01,CES3000000001,Manufacturing,16116.0
2001-10-01,CES3000000001,Manufacturing,15973.0
2001-11-01,CES3000000001,Manufacturing,15825.0
2001-12-01,CES3000000001,Manufacturing,15712.0
2002-01-01,CES3000000001,Manufacturing,15588.0
2002-02-01,CES3000000001,Manufacturing,15518.0
2002-03-01,CES3000000001,Manufacturing,15443.0
2002-04-01,CES3000000001,Manufacturing,15392.0
2002-05-01,CES3000000001,Manufacturing,15338.0
2002-06-01,CES3000000001,Manufacturing,15297.0
2002-07-01,CES3000000001,Manufacturing,15256.0
2002-08-01,CES3000000001,Manufacturing,15171.0
2002-09-01,CES3000000001,Manufacturing,15119.0
2002-10-01,CES3000000001,Manufacturing,15059.0
2002-11-01,CES3000000001,Manufacturing,14992.0
2002-12-01,CES3000000001,Manufacturing,14911.0
2003-01-01,CES3000000001,Manufacturing,14867.0
2003-02-01,CES3000000001,Manufacturing,14780.0
2003-03-01,CES3000000001,Manufacturing,14721.0
2003-04-01,CES3000000001,Manufacturing,14608.0
2003-05-01,CES3000000001,Manufacturing,14558.0
2003-06-01,CES3000000001,Manufacturing,14493.0
2003-07-01,CES3000000001,Manufacturing,14403.0
2003-08-01,CES3000000001,Manufacturing,14376.0
2003-09-01,CES3000000001,Manufacturing,14346.0
2003-10-01,CES3000000001,Manufacturing,14334.0
2003-11-01,CES3000000001,Manufacturing,14316.0
2003-12-01,CES3000000001,Manufacturing,14299.0
2004-01-01,CES3000000001,Manufacturing,14291.0
2004-02-01,CES3000000001,Manufacturing,14279.0
2004-03-01,CES3000000001,Manufacturing,14287.0
2004-04-01,CES3000000001,Manufacturing,14315.0
2004-05-01,CES3000000001,Manufacturing,14342.0
2004-06-01,CES3000000001,Manufacturing,14334.0
2004-07-01,CES3000000001,Manufacturing,14331.0
2004-08-01,CES3000000001,Manufacturing,14345.0
2004-09-01,CES3000000001,Manufacturing,14332.0
2004-10-01,CES3000000001,Manufacturing,14332.0
2004-11-01,CES3000000001,Manufacturing,14306.0
2004-12-01,CES3000000001,Manufacturing,14285.0
2005-01-01,CES3000000001,Manufacturing,14257.0
2005-02-01,CES3000000001,Manufacturing,14272.0
2005-03-01,CES3000000001,Manufacturing,14268.0
2005-04-01,CES3000000001,Manufacturing,14249.0
2005-05-01,CES3000000001,Manufacturing,14255.0
2005-06-01,CES3000000001,Manufacturing,14227.0
2005-07-01,CES3000000001,Manufacturing,14225.0
2005-08-01,CES3000000001,Manufacturing,14200.0
2005-09-01,CES3000000001,Manufacturing,14173.0
2005-10-01,CES3000000001,Manufacturing,14189.0
2005-11-01,CES3000000001,Manufacturing,14184.0
2005-12-01,CES3000000001,Manufacturing,14189.0
2006-01-01,CES3000000001,Manufacturing,14208.0
2006-02-01,CES3000000001,Manufacturing,14208.0
2006-03-01,CES3000000001,Manufacturing,14210.0
2006-04-01,CES3000000001,Manufacturing,14223.0
2006-05-01,CES3000000001,Manufacturing,14200.0
2006-06-01,CES3000000001,Manufacturing,14210.0
2006-07-01,CES3000000001,Manufacturing,14185.0
2006-08-01,CES3000000001,Manufacturing,14154.0
2006-09-01,CES3000000001,Manufacturing,14120.0
2006-10-01,CES3000000001,Manufacturing,14068.0
2006-11-01,CES3000000001,Manufacturing,14034.0
2006-12-01,CES3000000001,Manufacturing,14009.0
2007-01-01,CES3000000001,Manufacturing,14004.0
2007-02-01,CES3000000001,Manufacturing,13993.0
2007-03-01,CES3000000001,Manufacturing,13964.0
2007-04-01,CES3000000001,Manufacturing,13939.0
2007-05-01,CES3000000001,Manufacturing,13922.0
2007-06-01,CES3000000001,Manufacturing,13903.0
2007-07-01,CES3000000001,Manufacturing,13881.0
2007-08-01,CES3000000001,Manufacturing,13821.0
2007-09-01,CES3000000001,Manufacturing,13784.0
2007-10-01,CES3000000001,Manufacturing,13756.0
2007-11-01,CES3000000001,Manufacturing,13751.0
2007-12-01,CES3000000001,Manufacturing,13739.0
2008-01-01,CES3000000001,Manufacturing,13717.0
2008-02-01,CES3000000001,Manufacturing,13690.0
2008-03-01,CES3000000001,Manufacturing,13650.0
2008-04-01,CES3000000001,Manufacturing,13589.0
2008-05-01,CES3000000001,Manufacturing,13555.0
2008-06-01,CES3000000001,Manufacturing,13494.0
2008-07-01,CES3000000001,Manufacturing,13419.0
2008-08-01,CES3000000001,Manufacturing,13348.0
2008-09-01,CES3000000001,Manufacturing,13267.0
2008-10-01,CES3000000001,Manufacturing,13138.0
2008-11-01,CES3000000001,Manufacturing,13026.0
2008-12-01,CES3000000001,Manufacturing,12842.0
2009-01-01,CES3000000001,Manufacturing,12552.0
2009-02-01,CES3000000001,Manufacturing,12371.0
2009-03-01,CES3000000001,Manufacturing,12196.0
2009-04-01,CES3000000001,Manufacturing,12017.0
2009-05-01,CES3000000001,Manufacturing,11850.0
2009-06-01,CES3000000001,Manufacturing,11713.0
2009-07-01,CES3000000001,Manufacturing,11654.0
2009-08-01,CES3000000001,Manufacturing,11612.0
2009-09-01,CES3000000001,Manufacturing,11580.0
2009-10-01,CES3000000001,Manufacturing,11527.0
2009-11-01,CES3000000001,Manufacturing,11498.0
2009-12-01,CES3000000001,Manufacturing,11465.0
2000-01-01,CES1000000001,Mining and Logging,593.0
2000-02-01,CES1000000001,Mining and Logging,594.0
2000-03-01,CES1000000001,Mining and Logging,593.0
2000-04-01,CES1000000001,Mining and Logging,596.0
2000-05-01,CES1000000001,Mining and Logging,598.0
2000-06-01,CES1000000001,Mining and Logging,597.0
2000-07-01,CES1000000001,Mining and Logging,601.0
2000-08-01,CES1000000001,Mining and Logging,600.0
2000-09-01,CES1000000001,Mining and Logging,605.0
2000-10-01,CES1000000001,Mining and Logging,607.0
2000-11-01,CES1000000001,Mining and Logging,605.0
2000-12-01,CES1000000001,Mining and Logging,601.0
2001-01-01,CES1000000001,Mining and Logging,606.0
2001-02-01,CES1000000001,Mining and Logging,607.0
2001-03-01,CES1000000001,Mining and Logging,610.0
2001-04-01,CES1000000001,Mining and Logging,609.0
2001-05-01,CES1000000001,Mining and Logging,609.0
2001-06-01,CES1000000001,Mining and Logging,610.0
2001-07-01,CES1000000001,Mining and Logging,610.0
2001-08-01,CES1000000001,Mining and Logging,608.0
2001-09-01,CES1000000001,Mining and Logging,606.0
2001-10-01,CES1000000001,Mining and Logging,602.0
2001-11-01,CES1000000001,Mining and Logging,600.0
2001-12-01,CES1000000001,Mining and Logging,597.0
2002-01-01,CES1000000001,Mining and Logging,600.0
2002-02-01,CES1000000001,Mining and Logging,596.0
2002-03-01,CES1000000001,Mining and Logging,589.0
2002-04-01,CES1000000001,Mining and Logging,587.0
2002-05-01,CES1000000001,Mining and Logging,584.0
2002-06-01,CES1000000001,Mining and Logging,579.0
2002-07-01,CES1000000001,Mining and Logging,577.0
2002-08-01,CES1000000001,Mining and Logging,576.0
2002-09-01,CES1000000001,Mining and Logging,575.0
2002-10-01,CES1000000001,Mining and Logging,575.0
2002-11-01,CES1000000001,Mining and Logging,577.0
2002-12-01,CES1000000001,Mining and Logging,577.0
2003-01-01,CES1000000001,Mining and Logging,575.0
2003-02-01,CES1000000001,Mining and Logging,575.0
2003-03-01,CES1000000001,Mining and Logging,570.0
2003-04-01,CES1000000001,Mining and Logging,566.0
2003-05-01,CES1000000001,Mining and Logging,570.0
2003-06-01,CES1000000001,Mining and Logging,572.0
2003-07-01,CES1000000001,Mining and Logging,571.0
2003-08-01,CES1000000001,Mining and Logging,570.0
2003-09-01,CES1000000001,Mining and Logging,570.0
2003-10-01,CES1000000001,Mining and Logging,574.0
2003-11-01,CES1000000001,Mining and Logging,576.0
2003-12-01,CES1000000001,Mining and Logging,575.0
2004-01-01,CES1000000001,Mining and Logging,575.0
2004-02-01,CES1000000001,Mining and Logging,576.0
2004-03-01,CES1000000001,Mining and Logging,584.0
2004-04-01,CES1000000001,Mining and Logging,586.0
2004-05-01,CES1000000001,Mining and Logging,591.0
2004-06-01,CES1000000001,Mining and Logging,591.0
2004-07-01,CES1000000001,Mining and Logging,594.0
2004-08-01,CES1000000001,Mining and Logging,595.0
2004-09-01,CES1000000001,Mining and Logging,597.0
2004-10-01,CES1000000001,Mining and Logging,595.0
2004-11-01,CES1000000001,Mining and Logging,599.0
2004-12-01,CES1000000001,Mining and Logging,602.0
2005-01-01,CES1000000001,Mining and Logging,607.0
2005-02-01,CES1000000001,Mining and Logging,610.0
2005-03-01,CES1000000001,Mining and Logging,616.0
2005-04-01,CES1000000001,Mining and Logging,620.0
2005-05-01,CES1000000001,Mining and Logging,621.0
2005-06-01,CES1000000001,Mining and Logging,624.0
2005-07-01,CES1000000001,Mining and Logging,626.0
2005-08-01,CES1000000001,Mining and Logging,630.0
2005-09-01,CES1000000001,Mining and Logging,635.0
2005-10-01,CES1000000001,Mining and Logging,641.0
2005-11-01,CES1000000001,Mining and Logging,647.0
2005-12-01,CES1000000001,Mining and Logging,651.0
2006-01-01,CES1000000001,Mining and Logging,656.0
2006-02-01,CES1000000001,Mining and Logging,661.0
2006-03-01,CES1000000001,Mining and Logging,668.0
2006-04-01,CES1000000001,Mining and Logging,678.0
2006-05-01,CES1000000001,Mining and Logging,681.0
2006-06-01,CES1000000001,Mining and Logging,685.0
2006-07-01,CES1000000001,Mining and Logging,690.0
2006-08-01,CES1000000001,Mining and Logging,692.0
2006-09-01,CES1000000001,Mining and Logging,695.0
2006-10-01,CES1000000001,Mining and Logging,699.0
2006-11-01,CES1000000001,Mining and Logging,700.0
2006-12-01,CES1000000001,Mining and Logging,704.0
2007-01-01,CES1000000001,Mining and Logging,705.0
2007-02-01,CES1000000001,Mining and Logging,710.0
2007-03-01,CES1000000001,Mining and Logging,714.0
2007-04-01,CES1000000001,Mining and Logging,720.0
2007-05-01,CES1000000001,Mining and Logging,721.0
2007-06-01,CES1000000001,Mining and Logging,725.0
2007-07-01,CES1000000001,Mining and Logging,728.0
2007-08-01,CES1000000001,Mining and Logging,728.0
2007-09-01,CES1000000001,Mining and Logging,728.0
2007-10-01,CES1000000001,Mining and Logging,729.0
2007-11-01,CES1000000001,Mining and Logging,734.0
2007-12-01,CES1000000001,Mining and Logging,739.0
2008-01-01,CES1000000001,Mining and Logging,746.0
2008-02-01,CES1000000001,Mining and Logging,747.0
2008-03-01,CES1000000001,Mining and Logging,754.0
2008-04-01,CES1000000001,Mining and Logging,755.0
2008-05-01,CES1000000001,Mining and Logging,764.0
2008-06-01,CES1000000001,Mining and Logging,768.0
2008-07-01,CES1000000001,Mining and Logging,770.0
2008-08-01,CES1000000001,Mining and Logging,780.0
2008-09-01,CES1000000001,Mining and Logging,784.0
2008-10-01,CES1000000001,Mining and Logging,781.0
2008-11-01,CES1000000001,Mining and Logging,776.0
2008-12-01,CES1000000001,Mining and Logging,770.0
2009-01-01,CES1000000001,Mining and Logging,760.0
2009-02-01,CES1000000001,Mining and Logging,748.0
2009-03-01,CES1000000001,Mining and Logging,727.0
2009-04-01,CES1000000001,Mining and Logging,710.0
2009-05-01,CES1000000001,Mining and Logging,694.0
2009-06-01,CES1000000001,Mining and Logging,686.0
2009-07-01,CES1000000001,Mining and Logging,678.0
2009-08-01,CES1000000001,Mining and Logging,669.0
2009-09-01,CES1000000001,Mining and Logging,667.0
2009-10-01,CES1000000001,Mining and Logging,661.0
2009-11-01,CES1000000001,Mining and Logging,664.0
2009-12-01,CES1000000001,Mining and Logging,663.0
2000-01-01,CES8000000001,Other Services,5146.0
2000-02-01,CES8000000001,Other Services,5153.0
2000-03-01,CES8000000001,Other Services,5161.0
2000-04-01,CES8000000001,Other Services,5159.0
2000-05-01,CES8000000001,Other Services,5154.0
2000-06-01,CES8000000001,Other Services,5157.0
2000-07-01,CES8000000001,Other Services,5163.0
2000-08-01,CES8000000001,Other Services,5168.0
2000-09-01,CES8000000001,Other Services,5182.0
2000-10-01,CES8000000001,Other Services,5188.0
2000-11-01,CES8000000001,Other Services,5190.0
2000-12-01,CES8000000001,Other Services,5196.0
2001-01-01,CES8000000001,Other Services,5203.0
2001-02-01,CES8000000001,Other Services,5199.0
2001-03-01,CES8000000001,Other Services,5201.0
2001-04-01,CES8000000001,Other Services,5219.0
2001-05-01,CES8000000001,Other Services,5239.0
2001-06-01,CES8000000001,Other Services,5247.0
2001-07-01,CES8000000001,Other Services,5269.0
2001-08-01,CES8000000001,Other Services,5280.0
2001-09-01,CES8000000001,Other Services,5293.0
2001-10-01,CES8000000001,Other Services,5299.0
2001-11-01,CES8000000001,Other Services,5314.0
2001-12-01,CES8000000001,Other Services,5334.0
2002-01-01,CES8000000001,Other Services,5344.0
2002-02-01,CES8000000001,Other Services,5355.0
2002-03-01,CES8000000001,Other Services,5362.0
2002-04-01,CES8000000001,Other Services,5366.0
2002-05-01,CES8000000001,Other Services,5368.0
2002-06-01,CES8000000001,Other Services,5365.0
2002-07-01,CES8000000001,Other Services,5360.0
2002-08-01,CES8000000001,Other Services,5369.0
2002-09-01,CES8000000001,Other Services,5383.0
2002-10-01,CES8000000001,Other Services,5391.0
2002-11-01,CES8000000001,Other Services,5407.0
2002-12-01,CES8000000001,Other Services,5398.0
2003-01-01,CES8000000001,Other Services,5400.0
2003-02-01,CES8000000001,Other Services,5405.0
2003-03-01,CES8000000001,Other Services,5398.0
2003-04-01,CES8000000001,Other Services,5397.0
2003-05-01,CES8000000001,Other Services,5398.0
2003-06-01,CES8000000001,Other Services,5397.0
2003-07-01,CES8000000001,Other Services,5399.0
2003-08-01,CES8000000001,Other Services,5399.0
2003-09-01,CES8000000001,Other Services,5403.0
2003-10-01,CES8000000001,Other Services,5402.0
2003-11-01,CES8000000001,Other Services,5404.0
2003-12-01,CES8000000001,Other Services,5403.0
2004-01-01,CES8000000001,Other Services,5405.0
2004-02-01,CES8000000001,Other Services,5405.0
2004-03-01,CES8000000001,Other Services,5418.0
2004-04-01,CES8000000001,Other Services,5419.0
2004-05-01,CES8000000001,Other Services,5419.0
2004-06-01,CES8000000001,Other Services,5420.0
2004-07-01,CES8000000001,Other Services,5414.0
2004-08-01,CES8000000001,Other Services,5410.0
2004-09-01,CES8000000001,Other Services,5405.0
2004-10-01,CES8000000001,Other Services,5397.0
2004-11-01,CES8000000001,Other Services,5400.0
2004-12-01,CES8000000001,Other Services,5400.0
2005-01-01,CES8000000001,Other Services,5398.0
2005-02-01,CES8000000001,Other Services,5393.0
2005-03-01,CES8000000001,Other Services,5386.0
2005-04-01,CES8000000001,Other Services,5392.0
2005-05-01,CES8000000001,Other Services,5384.0
2005-06-01,CES8000000001,Other Services,5397.0
2005-07-01,CES8000000001,Other Services,5403.0
2005-08-01,CES8000000001,Other Services,5399.0
2005-09-01,CES8000000001,Other Services,5397.0
2005-10-01,CES8000000001,Other Services,5386.0
2005-11-01,CES8000000001,Other Services,5394.0
2005-12-01,CES8000000001,Other Services,5409.0
2006-01-01,CES8000000001,Other Services,5424.0
2006-02-01,CES8000000001,Other Services,5425.0
2006-03-01,CES8000000001,Other Services,5426.0
2006-04-01,CES8000000001,Other Services,5426.0
2006-05-01,CES8000000001,Other Services,5435.0
2006-06-01,CES8000000001,Other Services,5433.0
2006-07-01,CES8000000001,Other Services,5428.0
2006-08-01,CES8000000001,Other Services,5432.0
2006-09-01,CES8000000001,Other Services,5447.0
2006-10-01,CES8000000001,Other Services,5454.0
2006-11-01,CES8000000001,Other Services,5457.0
2006-12-01,CES8000000001,Other Services,5466.0
2007-01-01,CES8000000001,Other Services,5466.0
2007-02-01,CES8000000001,Other Services,5474.0
2007-03-01,CES8000000001,Other Services,5485.0
2007-04-01,CES8000000001,Other Services,5491.0
2007-05-01,CES8000000001,Other Services,5498.0
2007-06-01,CES8000000001,Other Services,5501.0
2007-07-01,CES8000000001,Other Services,5500.0
2007-08-01,CES8000000001,Other Services,5496.0
2007-09-01,CES8000000001,Other Services,5493.0
2007-10-01,CES8000000001,Other Services,5494.0
2007-11-01,CES8000000001,Other Services,5507.0
2007-12-01,CES8000000001,Other Services,5515.0
2008-01-01,CES8000000001,Other Services,5520.0
2008-02-01,CES8000000001,Other Services,5532.0
2008-03-01,CES8000000001,Other Services,5539.0
2008-04-01,CES8000000001,Other Services,5540.0
2008-05-01,CES8000000001,Other Services,5532.0
2008-06-01,CES8000000001,Other Services,5525.0
2008-07-01,CES8000000001,Other Services,5522.0
2008-08-01,CES8000000001,Other Services,5512.0
2008-09-01,CES8000000001,Other Services,5512.0
2008-10-01,CES8000000001,Other Services,5516.0
2008-11-01,CES8000000001,Other Services,5476.0
2008-12-01,CES8000000001,Other Services,5446.0
2009-01-01,CES8000000001,Other Services,5430.0
2009-02-01,CES8000000001,Other Services,5411.0
2009-03-01,CES8000000001,Other Services,5383.0
2009-04-01,CES8000000001,Other Services,5372.0
2009-05-01,CES8000000001,Other Services,5368.0
2009-06-01,CES8000000001,Other Services,5371.0
2009-07-01,CES8000000001,Other Services,5368.0
2009-08-01,CES8000000001,Other Services,5359.0
2009-09-01,CES8000000001,Other Services,5353.0
2009-10-01,CES8000000001,Other Services,5334.0
2009-11-01,CES8000000001,Other Services,5324.0
2009-12-01,CES8000000001,Other Services,5320.0
2000-01-01,CES6000000001,Professional and Business Services,16488.0
2000-02-01,CES6000000001,Professional and Business Services,16525.0
2000-03-01,CES6000000001,Professional and Business Services,16599.0
2000-04-01,CES6000000001,Professional and Business Services,16682.0
2000-05-01,CES6000000001,Professional and Business Services,16647.0
2000-06-01,CES6000000001,Professional and Business Services,16716.0
2000-07-01,CES6000000001,Professional and Business Services,16761.0
2000-08-01,CES6000000001,Professional and Business Services,16793.0
2000-09-01,CES6000000001,Professional and Business Services,16855.0
2000-10-01,CES6000000001,Professional and Business Services,16868.0
2000-11-01,CES6000000001,Professional and Business Services,16909.0
2000-12-01,CES6000000001,Professional and Business Services,16893.0
2001-01-01,CES6000000001,Professional and Business Services,16898.0
2001-02-01,CES6000000001,Professional and Business Services,16874.0
2001-03-01,CES6000000001,Professional and Business Services,16824.0
2001-04-01,CES6000000001,Professional and Business Services,16698.0
2001-05-01,CES6000000001,Professional and Business Services,16654.0
2001-06-01,CES6000000001,Professional and Business Services,16588.0
2001-07-01,CES6000000001,Professional and Business Services,16535.0
2001-08-01,CES6000000001,Professional and Business Services,16473.0
2001-09-01,CES6000000001,Professional and Business Services,16387.0
2001-10-01,CES6000000001,Professional and Business Services,16285.0
2001-11-01,CES6000000001,Professional and Business Services,16158.0
2001-12-01,CES6000000001,Professional and Business Services,16132.0
2002-01-01,CES6000000001,Professional and Business Services,16096.0
2002-02-01,CES6000000001,Professional and Business Services,16066.0
2002-03-01,CES6000000001,Professional and Business Services,16082.0
2002-04-01,CES6000000001,Professional and Business Services,16082.0
2002-05-01,CES6000000001,Professional and Business Services,16092.0
2002-06-01,CES6000000001,Professional and Business Services,16082.0
2002-07-01,CES6000000001,Professional and Business Services,16009.0
2002-08-01,CES6000000001,Professional and Business Services,16038.0
2002-09-01,CES6000000001,Professional and Business Services,16016.0
2002-10-01,CES6000000001,Professional and Business Services,16033.0
2002-11-01,CES6000000001,Professional and Business Services,15991.0
2002-12-01,CES6000000001,Professional and Business Services,15927.0
2003-01-01,CES6000000001,Professional and Business Services,15993.0
2003-02-01,CES6000000001,Professional and Business Services,16021.0
2003-03-01,CES6000000001,Professional and Business Services,15951.0
2003-04-01,CES6000000001,Professional and Business Services,15954.0
2003-05-01,CES6000000001,Professional and Business Services,16004.0
2003-06-01,CES6000000001,Professional and Business Services,16018.0
2003-07-01,CES6000000001,Professional and Business Services,16057.0
2003-08-01,CES6000000001,Professional and Business Services,16052.0
2003-09-01,CES6000000001,Professional and Business Services,16107.0
2003-10-01,CES6000000001,Professional and Business Services,16130.0
2003-11-01,CES6000000001,Professional and Business Services,16169.0
2003-12-01,CES6000000001,Professional and Business Services,16195.0
2004-01-01,CES6000000001,Professional and Business Services,16223.0
2004-02-01,CES6000000001,Professional and Business Services,16238.0
2004-03-01,CES6000000001,Professional and Business Services,16264.0
2004-04-01,CES6000000001,Professional and Business Services,16376.0
2004-05-01,CES6000000001,Professional and Business Services,16449.0
2004-06-01,CES6000000001,Professional and Business Services,16481.0
2004-07-01,CES6000000001,Professional and Business Services,16520.0
2004-08-01,CES6000000001,Professional and Business Services,16519.0
2004-09-01,CES6000000001,Professional and Business Services,16542.0
2004-10-01,CES6000000001,Professional and Business Services,16661.0
2004-11-01,CES6000000001,Professional and Business Services,16643.0
2004-12-01,CES6000000001,Professional and Business Services,16659.0
2005-01-01,CES6000000001,Professional and Business Services,16714.0
2005-02-01,CES6000000001,Professional and Business Services,16798.0
2005-03-01,CES6000000001,Professional and Business Services,16826.0
2005-04-01,CES6000000001,Professional and Business Services,16888.0
2005-05-01,CES6000000001,Professional and Business Services,16910.0
2005-06-01,CES6000000001,Professional and Business Services,16999.0
2005-07-01,CES6000000001,Professional and Business Services,17065.0
2005-08-01,CES6000000001,Professional and Business Services,17124.0
2005-09-01,CES6000000001,Professional and Business Services,17195.0
2005-10-01,CES6000000001,Professional and Business Services,17216.0
2005-11-01,CES6000000001,Professional and Business Services,17297.0
2005-12-01,CES6000000001,Professional and Business Services,17330.0
2006-01-01,CES6000000001,Professional and Business Services,17383.0
2006-02-01,CES6000000001,Professional and Business Services,17444.0
2006-03-01,CES6000000001,Professional and Business Services,17530.0
2006-04-01,CES6000000001,Professional and Business Services,17552.0
2006-05-01,CES6000000001,Professional and Business Services,17611.0
2006-06-01,CES6000000001,Professional and Business Services,17680.0
2006-07-01,CES6000000001,Professional and Business Services,17720.0
2006-08-01,CES6000000001,Professional and Business Services,17766.0
2006-09-01,CES6000000001,Professional and Business Services,17756.0
2006-10-01,CES6000000001,Professional and Business Services,17760.0
2006-11-01,CES6000000001,Professional and Business Services,17828.0
2006-12-01,CES6000000001,Professional and Business Services,17863.0
2007-01-01,CES6000000001,Professional and Business Services,17927.0
2007-02-01,CES6000000001,Professional and Business Services,17960.0
2007-03-01,CES6000000001,Professional and Business Services,17990.0
2007-04-01,CES6000000001,Professional and Business Services,18008.0
2007-05-01,CES6000000001,Professional and Business Services,18042.0
2007-06-01,CES6000000001,Professional and Business Services,18053.0
2007-07-01,CES6000000001,Professional and Business Services,18057.0
2007-08-01,CES6000000001,Professional and Business Services,18067.0
2007-09-01,CES6000000001,Professional and Business Services,18066.0
2007-10-01,CES6000000001,Professional and Business Services,18101.0
2007-11-01,CES6000000001,Professional and Business Services,18102.0
2007-12-01,CES6000000001,Professional and Business Services,18148.0
2008-01-01,CES6000000001,Professional and Business Services,18138.0
2008-02-01,CES6000000001,Professional and Business Services,18093.0
2008-03-01,CES6000000001,Professional and Business Services,18051.0
2008-04-01,CES6000000001,Professional and Business Services,18041.0
2008-05-01,CES6000000001,Professional and Business Services,17984.0
2008-06-01,CES6000000001,Professional and Business Services,17940.0
2008-07-01,CES6000000001,Professional and Business Services,17881.0
2008-08-01,CES6000000001,Professional and Business Services,17817.0
2008-09-01,CES6000000001,Professional and Business Services,17748.0
2008-10-01,CES6000000001,Professional and Business Services,17640.0
2008-11-01,CES6000000001,Professional and Business Services,17468.0
2008-12-01,CES6000000001,Professional and Business Services,17337.0
2009-01-01,CES6000000001,Professional and Business Services,17183.0
2009-02-01,CES6000000001,Professional and Business Services,16988.0
2009-03-01,CES6000000001,Professional and Business Services,16837.0
2009-04-01,CES6000000001,Professional and Business Services,16703.0
2009-05-01,CES6000000001,Professional and Business Services,16652.0
2009-06-01,CES6000000001,Professional and Business Services,16547.0
2009-07-01,CES6000000001,Professional and Business Services,16524.0
2009-08-01,CES6000000001,Professional and Business Services,16515.0
2009-09-01,CES6000000001,Professional and Business Services,16522.0
2009-10-01,CES6000000001,Professional and Business Services,16543.0
2009-11-01,CES6000000001,Professional and Business Services,16601.0
2009-12-01,CES6000000001,Professional and Business Services,16605.0
2000-01-01,CES4300000001,Retail Trade,4363.7
2000-02-01,CES4300000001,Retail Trade,4372.8
2000-03-01,CES4300000001,Retail Trade,4381.3
2000-04-01,CES4300000001,Retail Trade,4386.5
2000-05-01,CES4300000001,Retail Trade,4381.3
2000-06-01,CES4300000001,Retail Trade,4391.8
2000-07-01,CES4300000001,Retail Trade,4402.5
2000-08-01,CES4300000001,Retail Trade,4420.0
2000-09-01,CES4300000001,Retail Trade,4408.6
2000-10-01,CES4300000001,Retail Trade,4420.1
2000-11-01,CES4300000001,Retail Trade,4435.3
2000-12-01,CES4300000001,Retail Trade,4462.9
2001-01-01,CES4300000001,Retail Trade,4428.6
2001-02-01,CES4300000001,Retail Trade,4425.1
2001-03-01,CES4300000001,Retail Trade,4431.1
2001-04-01,CES4300000001,Retail Trade,4412.1
2001-05-01,CES4300000001,Retail Trade,4408.1
2001-06-01,CES4300000001,Retail Trade,4387.1
2001-07-01,CES4300000001,Retail Trade,4390.3
2001-08-01,CES4300000001,Retail Trade,4381.8
2001-09-01,CES4300000001,Retail Trade,4322.3
2001-10-01,CES4300000001,Retail Trade,4288.6
2001-11-01,CES4300000001,Retail Trade,4241.8
2001-12-01,CES4300000001,Retail Trade,4227.2
2002-01-01,CES4300000001,Retail Trade,4205.5
2002-02-01,CES4300000001,Retail Trade,4211.6
2002-03-01,CES4300000001,Retail Trade,4201.8
2002-04-01,CES4300000001,Retail Trade,4202.0
2002-05-01,CES4300000001,Retail Trade,4206.8
2002-06-01,CES4300000001,Retail Trade,4214.8
2002-07-01,CES4300000001,Retail Trade,4228.2
2002-08-01,CES4300000001,Retail Trade,4232.1
2002-09-01,CES4300000001,Retail Trade,4202.6
2002-10-01,CES4300000001,Retail Trade,4213.2
2002-11-01,CES4300000001,Retail Trade,4212.5
2002-12-01,CES4300000001,Retail Trade,4211.8
2003-01-01,CES4300000001,Retail Trade,4197.0
2003-02-01,CES4300000001,Retail Trade,4201.8
2003-03-01,CES4300000001,Retail Trade,4188.3
2003-04-01,CES4300000001,Retail Trade,4170.4
2003-05-01,CES4300000001,Retail Trade,4166.4
2003-06-01,CES4300000001,Retail Trade,4158.4
2003-07-01,CES4300000001,Retail Trade,4150.3
2003-08-01,CES4300000001,Retail Trade,4151.7
2003-09-01,CES4300000001,Retail Trade,4162.1
2003-10-01,CES4300000001,Retail Trade,4171.3
2003-11-01,CES4300000001,Retail Trade,4174.8
2003-12-01,CES4300000001,Retail Trade,4161.6
2004-01-01,CES4300000001,Retail Trade,4191.7
2004-02-01,CES4300000001,Retail Trade,4196.3
2004-03-01,CES4300000001,Retail Trade,4213.0
2004-04-01,CES4300000001,Retail Trade,4206.8
2004-05-01,CES4300000001,Retail Trade,4219.7
2004-06-01,CES4300000001,Retail Trade,4234.3
2004-07-01,CES4300000001,Retail Trade,4244.0
2004-08-01,CES4300000001,Retail Trade,4250.3
2004-09-01,CES4300000001,Retail Trade,4262.6
2004-10-01,CES4300000001,Retail Trade,4271.9
2004-11-01,CES4300000001,Retail Trade,4270.3
2004-12-01,CES4300000001,Retail Trade,4288.1
2005-01-01,CES4300000001,Retail Trade,4297.2
2005-02-01,CES4300000001,Retail Trade,4310.5
2005-03-01,CES4300000001,Retail Trade,4320.3
2005-04-01,CES4300000001,Retail Trade,4335.5
2005-05-01,CES4300000001,Retail Trade,4345.2
2005-06-01,CES4300000001,Retail Trade,4345.9
2005-07-01,CES4300000001,Retail Trade,4358.4
2005-08-01,CES4300000001,Retail Trade,4363.4
2005-09-01,CES4300000001,Retail Trade,4366.5
2005-10-01,CES4300000001,Retail Trade,4373.3
2005-11-01,CES4300000001,Retail Trade,4386.5
2005-12-01,CES4300000001,Retail Trade,4391.3
2006-01-01,CES4300000001,Retail Trade,4407.9
2006-02-01,CES4300000001,Retail Trade,4418.1
2006-03-01,CES4300000001,Retail Trade,4417.8
2006-04-01,CES4300000001,Retail Trade,4433.3
2006-05-01,CES4300000001,Retail Trade,4445.8
2006-06-01,CES4300000001,Retail Trade,4451.3
2006-07-01,CES4300000001,Retail Trade,4465.7
2006-08-01,CES4300000001,Retail Trade,4465.3
2006-09-01,CES4300000001,Retail Trade,4474.5
2006-10-01,CES4300000001,Retail Trade,4484.0
2006-11-01,CES4300000001,Retail Trade,4496.1
2006-12-01,CES4300000001,Retail Trade,4516.5
2007-01-01,CES4300000001,Retail Trade,4518.0
2007-02-01,CES4300000001,Retail Trade,4519.1
2007-03-01,CES4300000001,Retail Trade,4522.5
2007-04-01,CES4300000001,Retail Trade,4525.0
2007-05-01,CES4300000001,Retail Trade,4526.4
2007-06-01,CES4300000001,Retail Trade,4524.9
2007-07-01,CES4300000001,Retail Trade,4527.9
2007-08-01,CES4300000001,Retail Trade,4524.0
2007-09-01,CES4300000001,Retail Trade,4546.0
2007-10-01,CES4300000001,Retail Trade,4541.4
2007-11-01,CES4300000001,Retail Trade,4538.6
2007-12-01,CES4300000001,Retail Trade,4536.0
2008-01-01,CES4300000001,Retail Trade,4537.8
2008-02-01,CES4300000001,Retail Trade,4541.6
2008-03-01,CES4300000001,Retail Trade,4542.4
2008-04-01,CES4300000001,Retail Trade,4546.8
2008-05-01,CES4300000001,Retail Trade,4535.2
2008-06-01,CES4300000001,Retail Trade,4522.6
2008-07-01,CES4300000001,Retail Trade,4517.4
2008-08-01,CES4300000001,Retail Trade,4500.4
2008-09-01,CES4300000001,Retail Trade,4464.8
2008-10-01,CES4300000001,Retail Trade,4450.0
2008-11-01,CES4300000001,Retail Trade,4409.1
2008-12-01,CES4300000001,Retail Trade,4382.2
2009-01-01,CES4300000001,Retail Trade,4358.5
2009-02-01,CES4300000001,Retail Trade,4334.5
2009-03-01,CES4300000001,Retail Trade,4301.0
2009-04-01,CES4300000001,Retail Trade,4255.3
2009-05-01,CES4300000001,Retail Trade,4237.4
2009-06-01,CES4300000001,Retail Trade,4219.8
2009-07-01,CES4300000001,Retail Trade,4198.2
2009-08-01,CES4300000001,Retail Trade,4187.8
2009-09-01,CES4300000001,Retail Trade,4179.5
2009-10-01,CES4300000001,Retail Trade,4163.8
2009-11-01,CES4300000001,Retail Trade,4158.3
2009-12-01,CES4300000001,Retail Trade,4108.4
2000-01-01,CES0500000001,Total Private,110440.0
2000-02-01,CES0500000001,Total Private,110522.0
2000-03-01,CES0500000001,Total Private,110871.0
2000-04-01,CES0500000001,Total Private,111081.0
2000-05-01,CES0500000001,Total Private,110958.0
2000-06-01,CES0500000001,Total Private,111175.0
2000-07-01,CES0500000001,Total Private,111361.0
2000-08-01,CES0500000001,Total Private,111397.0
2000-09-01,CES0500000001,Total Private,111603.0
2000-10-01,CES0500000001,Total Private,111609.0
2000-11-01,CES0500000001,Total Private,111796.0
2000-12-01,CES0500000001,Total Private,111912.0
2001-01-01,CES0500000001,Total Private,111868.0
2001-02-01,CES0500000001,Total Private,111882.0
2001-03-01,CES0500000001,Total Private,111806.0
2001-04-01,CES0500000001,Total Private,111465.0
2001-05-01,CES0500000001,Total Private,111380.0
2001-06-01,CES0500000001,Total Private,111162.0
2001-07-01,CES0500000001,Total Private,110986.0
2001-08-01,CES0500000001,Total Private,110803.0
2001-09-01,CES0500000001,Total Private,110521.0
2001-10-01,CES0500000001,Total Private,110177.0
2001-11-01,CES0500000001,Total Private,109818.0
2001-12-01,CES0500000001,Total Private,109628.0
2002-01-01,CES0500000001,Total Private,109482.0
2002-02-01,CES0500000001,Total Private,109346.0
2002-03-01,CES0500000001,Total Private,109291.0
2002-04-01,CES0500000001,Total Private,109172.0
2002-05-01,CES0500000001,Total Private,109118.0
2002-06-01,CES0500000001,Total Private,109124.0
2002-07-01,CES0500000001,Total Private,109039.0
2002-08-01,CES0500000001,Total Private,108993.0
2002-09-01,CES0500000001,Total Private,108957.0
2002-10-01,CES0500000001,Total Private,109058.0
2002-11-01,CES0500000001,Total Private,109035.0
2002-12-01,CES0500000001,Total Private,108877.0
2003-01-01,CES0500000001,Total Private,108947.0
2003-02-01,CES0500000001,Total Private,108817.0
2003-03-01,CES0500000001,Total Private,108625.0
2003-04-01,CES0500000001,Total Private,108577.0
2003-05-01,CES0500000001,Total Private,108629.0
2003-06-01,CES0500000001,Total Private,108579.0
2003-07-01,CES0500000001,Total Private,108551.0
2003-08-01,CES0500000001,Total Private,108597.0
2003-09-01,CES0500000001,Total Private,108749.0
2003-10-01,CES0500000001,Total Private,108882.0
2003-11-01,CES0500000001,Total Private,108946.0
2003-12-01,CES0500000001,Total Private,109043.0
2004-01-01,CES0500000001,Total Private,109218.0
2004-02-01,CES0500000001,Total Private,109270.0
2004-03-01,CES0500000001,Total Private,109551.0
2004-04-01,CES0500000001,Total Private,109798.0
2004-05-01,CES0500000001,Total Private,110083.0
2004-06-01,CES0500000001,Total Private,110193.0
2004-07-01,CES0500000001,Total Private,110247.0
2004-08-01,CES0500000001,Total Private,110314.0
2004-09-01,CES0500000001,Total Private,110456.0
2004-10-01,CES0500000001,Total Private,110775.0
2004-11-01,CES0500000001,Total Private,110812.0
2004-12-01,CES0500000001,Total Private,110936.0
2005-01-01,CES0500000001,Total Private,111046.0
2005-02-01,CES0500000001,Total Private,111289.0
2005-03-01,CES0500000001,Total Private,111412.0
2005-04-01,CES0500000001,Total Private,111765.0
2005-05-01,CES0500000001,Total Private,111908.0
2005-06-01,CES0500000001,Total Private,112184.0
2005-07-01,CES0500000001,Total Private,112443.0
2005-08-01,CES0500000001,Total Private,112640.0
2005-09-01,CES0500000001,Total Private,112709.0
2005-10-01,CES0500000001,Total Private,112814.0
2005-11-01,CES0500000001,Total Private,113140.0
2005-12-01,CES0500000001,Total Private,113279.0
2006-01-01,CES0500000001,Total Private,113579.0
2006-02-01,CES0500000001,Total Private,113853.0
2006-03-01,CES0500000001,Total Private,114133.0
2006-04-01,CES0500000001,Total Private,114289.0
2006-05-01,CES0500000001,Total Private,114323.0
2006-06-01,CES0500000001,Total Private,114413.0
2006-07-01,CES0500000001,Total Private,114556.0
2006-08-01,CES0500000001,Total Private,114682.0
2006-09-01,CES0500000001,Total Private,114747.0
2006-10-01,CES0500000001,Total Private,114778.0
2006-11-01,CES0500000001,Total Private,114978.0
2006-12-01,CES0500000001,Total Private,115161.0
2007-01-01,CES0500000001,Total Private,115377.0
2007-02-01,CES0500000001,Total Private,115427.0
2007-03-01,CES0500000001,Total Private,115633.0
2007-04-01,CES0500000001,Total Private,115670.0
2007-05-01,CES0500000001,Total Private,115800.0
2007-06-01,CES0500000001,Total Private,115862.0
2007-07-01,CES0500000001,Total Private,115873.0
2007-08-01,CES0500000001,Total Private,115787.0
2007-09-01,CES0500000001,Total Private,115822.0
2007-10-01,CES0500000001,Total Private,115880.0
2007-11-01,CES0500000001,Total Private,115957.0
2007-12-01,CES0500000001,Total Private,116019.0
2008-01-01,CES0500000001,Total Private,116003.0
2008-02-01,CES0500000001,Total Private,115910.0
2008-03-01,CES0500000001,Total Private,115814.0
2008-04-01,CES0500000001,Total Private,115588.0
2008-05-01,CES0500000001,Total Private,115368.0
2008-06-01,CES0500000001,Total Private,115181.0
2008-07-01,CES0500000001,Total Private,114930.0
2008-08-01,CES0500000001,Total Private,114644.0
2008-09-01,CES0500000001,Total Private,114225.0
2008-10-01,CES0500000001,Total Private,113744.0
2008-11-01,CES0500000001,Total Private,112983.0
2008-12-01,CES0500000001,Total Private,112291.0
2009-01-01,CES0500000001,Total Private,111499.0
2009-02-01,CES0500000001,Total Private,110741.0
2009-03-01,CES0500000001,Total Private,109932.0
2009-04-01,CES0500000001,Total Private,109144.0
2009-05-01,CES0500000001,Total Private,108851.0
2009-06-01,CES0500000001,Total Private,108431.0
2009-07-01,CES0500000001,Total Private,108141.0
2009-08-01,CES0500000001,Total Private,107935.0
2009-09-01,CES0500000001,Total Private,107796.0
2009-10-01,CES0500000001,Total Private,107538.0
2009-11-01,CES0500000001,Total Private,107525.0
2009-12-01,CES0500000001,Total Private,107326.0
2000-01-01,CES4000000001,"Trade, Transportation, and Utilities",26043.0
2000-02-01,CES4000000001,"Trade, Transportation, and Utilities",26061.0
2000-03-01,CES4000000001,"Trade, Transportation, and Utilities",26118.0
2000-04-01,CES4000000001,"Trade, Transportation, and Utilities",26184.0
2000-05-01,CES4000000001,"Trade, Transportation, and Utilities",26118.0
2000-06-01,CES4000000001,"Trade, Transportation, and Utilities",26140.0
2000-07-01,CES4000000001,"Trade, Transportation, and Utilities",26150.0
2000-08-01,CES4000000001,"Trade, Transportation, and Utilities",26179.0
2000-09-01,CES4000000001,"Trade, Transportation, and Utilities",26175.0
2000-10-01,CES4000000001,"Trade, Transportation, and Utilities",26193.0
2000-11-01,CES4000000001,"Trade, Transportation, and Utilities",26210.0
2000-12-01,CES4000000001,"Trade, Transportation, and Utilities",26263.0
2001-01-01,CES4000000001,"Trade, Transportation, and Utilities",26180.0
2001-02-01,CES4000000001,"Trade, Transportation, and Utilities",26177.0
2001-03-01,CES4000000001,"Trade, Transportation, and Utilities",26139.0
2001-04-01,CES4000000001,"Trade, Transportation, and Utilities",26007.0
2001-05-01,CES4000000001,"Trade, Transportation, and Utilities",25992.0
2001-06-01,CES4000000001,"Trade, Transportation, and Utilities",25958.0
2001-07-01,CES4000000001,"Trade, Transportation, and Utilities",25886.0
2001-08-01,CES4000000001,"Trade, Transportation, and Utilities",25875.0
2001-09-01,CES4000000001,"Trade, Transportation, and Utilities",25790.0
2001-10-01,CES4000000001,"Trade, Transportation, and Utilities",25718.0
2001-11-01,CES4000000001,"Trade, Transportation, and Utilities",25632.0
2001-12-01,CES4000000001,"Trade, Transportation, and Utilities",25548.0
2002-01-01,CES4000000001,"Trade, Transportation, and Utilities",25486.0
2002-02-01,CES4000000001,"Trade, Transportation, and Utilities",25480.0
2002-03-01,CES4000000001,"Trade, Transportation, and Utilities",25470.0
2002-04-01,CES4000000001,"Trade, Transportation, and Utilities",25457.0
2002-05-01,CES4000000001,"Trade, Transportation, and Utilities",25441.0
2002-06-01,CES4000000001,"Trade, Transportation, and Utilities",25442.0
2002-07-01,CES4000000001,"Trade, Transportation, and Utilities",25450.0
2002-08-01,CES4000000001,"Trade, Transportation, and Utilities",25397.0
2002-09-01,CES4000000001,"Trade, Transportation, and Utilities",25349.0
2002-10-01,CES4000000001,"Trade, Transportation, and Utilities",25362.0
2002-11-01,CES4000000001,"Trade, Transportation, and Utilities",25330.0
2002-12-01,CES4000000001,"Trade, Transportation, and Utilities",25342.0
2003-01-01,CES4000000001,"Trade, Transportation, and Utilities",25296.0
2003-02-01,CES4000000001,"Trade, Transportation, and Utilities",25272.0
2003-03-01,CES4000000001,"Trade, Transportation, and Utilities",25228.0
2003-04-01,CES4000000001,"Trade, Transportation, and Utilities",25213.0
2003-05-01,CES4000000001,"Trade, Transportation, and Utilities",25192.0
2003-06-01,CES4000000001,"Trade, Transportation, and Utilities",25154.0
2003-07-01,CES4000000001,"Trade, Transportation, and Utilities",25126.0
2003-08-01,CES4000000001,"Trade, Transportation, and Utilities",25147.0
2003-09-01,CES4000000001,"Trade, Transportation, and Utilities",25185.0
2003-10-01,CES4000000001,"Trade, Transportation, and Utilities",25209.0
2003-11-01,CES4000000001,"Trade, Transportation, and Utilities",25192.0
2003-12-01,CES4000000001,"Trade, Transportation, and Utilities",25183.0
2004-01-01,CES4000000001,"Trade, Transportation, and Utilities",25272.0
2004-02-01,CES4000000001,"Trade, Transportation, and Utilities",25280.0
2004-03-01,CES4000000001,"Trade, Transportation, and Utilities",25352.0
2004-04-01,CES4000000001,"Trade, Transportation, and Utilities",25386.0
2004-05-01,CES4000000001,"Trade, Transportation, and Utilities",25415.0
2004-06-01,CES4000000001,"Trade, Transportation, and Utilities",25456.0
2004-07-01,CES4000000001,"Trade, Transportation, and Utilities",25456.0
2004-08-01,CES4000000001,"Trade, Transportation, and Utilities",25468.0
2004-09-01,CES4000000001,"Trade, Transportation, and Utilities",25518.0
2004-10-01,CES4000000001,"Trade, Transportation, and Utilities",25556.0
2004-11-01,CES4000000001,"Trade, Transportation, and Utilities",25575.0
2004-12-01,CES4000000001,"Trade, Transportation, and Utilities",25598.0
2005-01-01,CES4000000001,"Trade, Transportation, and Utilities",25625.0
2005-02-01,CES4000000001,"Trade, Transportation, and Utilities",25691.0
2005-03-01,CES4000000001,"Trade, Transportation, and Utilities",25710.0
2005-04-01,CES4000000001,"Trade, Transportation, and Utilities",25786.0
2005-05-01,CES4000000001,"Trade, Transportation, and Utilities",25824.0
2005-06-01,CES4000000001,"Trade, Transportation, and Utilities",25869.0
2005-07-01,CES4000000001,"Trade, Transportation, and Utilities",25933.0
2005-08-01,CES4000000001,"Trade, Transportation, and Utilities",25965.0
2005-09-01,CES4000000001,"Trade, Transportation, and Utilities",25945.0
2005-10-01,CES4000000001,"Trade, Transportation, and Utilities",25957.0
2005-11-01,CES4000000001,"Trade, Transportation, and Utilities",26013.0
2005-12-01,CES4000000001,"Trade, Transportation, and Utilities",26033.0
2006-01-01,CES4000000001,"Trade, Transportation, and Utilities",26057.0
2006-02-01,CES4000000001,"Trade, Transportation, and Utilities",26090.0
2006-03-01,CES4000000001,"Trade, Transportation, and Utilities",26129.0
2006-04-01,CES4000000001,"Trade, Transportation, and Utilities",26123.0
2006-05-01,CES4000000001,"Trade, Transportation, and Utilities",26116.0
2006-06-01,CES4000000001,"Trade, Transportation, and Utilities",26136.0
2006-07-01,CES4000000001,"Trade, Transportation, and Utilities",26161.0
2006-08-01,CES4000000001,"Trade, Transportation, and Utilities",26172.0
2006-09-01,CES4000000001,"Trade, Transportation, and Utilities",26193.0
2006-10-01,CES4000000001,"Trade, Transportation, and Utilities",26233.0
2006-11-01,CES4000000001,"Trade, Transportation, and Utilities",26293.0
2006-12-01,CES4000000001,"Trade, Transportation, and Utilities",26340.0
2007-01-01,CES4000000001,"Trade, Transportation, and Utilities",26381.0
2007-02-01,CES4000000001,"Trade, Transportation, and Utilities",26426.0
2007-03-01,CES4000000001,"Trade, Transportation, and Utilities",26492.0
2007-04-01,CES4000000001,"Trade, Transportation, and Utilities",26491.0
2007-05-01,CES4000000001,"Trade, Transportation, and Utilities",26520.0
2007-06-01,CES4000000001,"Trade, Transportation, and Utilities",26514.0
2007-07-01,CES4000000001,"Trade, Transportation, and Utilities",26528.0
2007-08-01,CES4000000001,"Trade, Transportation, and Utilities",26525.0
2007-09-01,CES4000000001,"Trade, Transportation, and Utilities",26557.0
2007-10-01,CES4000000001,"Trade, Transportation, and Utilities",26553.0
2007-11-01,CES4000000001,"Trade, Transportation, and Utilities",26614.0
2007-12-01,CES4000000001,"Trade, Transportation, and Utilities",26608.0
2008-01-01,CES4000000001,"Trade, Transportation, and Utilities",26586.0
2008-02-01,CES4000000001,"Trade, Transportation, and Utilities",26545.0
2008-03-01,CES4000000001,"Trade, Transportation, and Utilities",26525.0
2008-04-01,CES4000000001,"Trade, Transportation, and Utilities",26425.0
2008-05-01,CES4000000001,"Trade, Transportation, and Utilities",26338.0
2008-06-01,CES4000000001,"Trade, Transportation, and Utilities",26290.0
2008-07-01,CES4000000001,"Trade, Transportation, and Utilities",26226.0
2008-08-01,CES4000000001,"Trade, Transportation, and Utilities",26126.0
2008-09-01,CES4000000001,"Trade, Transportation, and Utilities",26013.0
2008-10-01,CES4000000001,"Trade, Transportation, and Utilities",25902.0
2008-11-01,CES4000000001,"Trade, Transportation, and Utilities",25696.0
2008-12-01,CES4000000001,"Trade, Transportation, and Utilities",25523.0
2009-01-01,CES4000000001,"Trade, Transportation, and Utilities",25383.0
2009-02-01,CES4000000001,"Trade, Transportation, and Utilities",25229.0
2009-03-01,CES4000000001,"Trade, Transportation, and Utilities",25066.0
2009-04-01,CES4000000001,"Trade, Transportation, and Utilities",24909.0
2009-05-01,CES4000000001,"Trade, Transportation, and Utilities",24849.0
2009-06-01,CES4000000001,"Trade, Transportation, and Utilities",24795.0
2009-07-01,CES4000000001,"Trade, Transportation, and Utilities",24692.0
2009-08-01,CES4000000001,"Trade, Transportation, and Utilities",24656.0
2009-09-01,CES4000000001,"Trade, Transportation, and Utilities",24599.0
2009-10-01,CES4000000001,"Trade, Transportation, and Utilities",24516.0
2009-11-01,CES4000000001,"Trade, Transportation, and Utilities",24480.0
2009-12-01,CES4000000001,"Trade, Transportation, and Utilities",24384.0
2000-01-01,CES4200000001,Wholesale Trade,15165.2
2000-02-01,CES4200000001,Wholesale Trade,15174.1
2000-03-01,CES4200000001,Wholesale Trade,15208.0
2000-04-01,CES4200000001,Wholesale Trade,15281.9
2000-05-01,CES4200000001,Wholesale Trade,15233.0
2000-06-01,CES4200000001,Wholesale Trade,15243.2
2000-07-01,CES4200000001,Wholesale Trade,15257.2
2000-08-01,CES4200000001,Wholesale Trade,15279.7
2000-09-01,CES4200000001,Wholesale Trade,15303.4
2000-10-01,CES4200000001,Wholesale Trade,15308.3
2000-11-01,CES4200000001,Wholesale Trade,15315.8
2000-12-01,CES4200000001,Wholesale Trade,15362.5
2001-01-01,CES4200000001,Wholesale Trade,15336.1
2001-02-01,CES4200000001,Wholesale Trade,15354.0
2001-03-01,CES4200000001,Wholesale Trade,15329.6
2001-04-01,CES4200000001,Wholesale Trade,15233.9
2001-05-01,CES4200000001,Wholesale Trade,15237.6
2001-06-01,CES4200000001,Wholesale Trade,15241.8
2001-07-01,CES4200000001,Wholesale Trade,15180.5
2001-08-01,CES4200000001,Wholesale Trade,15185.3
2001-09-01,CES4200000001,Wholesale Trade,15175.7
2001-10-01,CES4200000001,Wholesale Trade,15148.9
2001-11-01,CES4200000001,Wholesale Trade,15126.5
2001-12-01,CES4200000001,Wholesale Trade,15077.2
2002-01-01,CES4200000001,Wholesale Trade,15039.8
2002-02-01,CES4200000001,Wholesale Trade,15043.5
2002-03-01,CES4200000001,Wholesale Trade,15051.6
2002-04-01,CES4200000001,Wholesale Trade,15049.2
2002-05-01,CES4200000001,Wholesale Trade,15029.6
2002-06-01,CES4200000001,Wholesale Trade,15018.6
2002-07-01,CES4200000001,Wholesale Trade,15016.5
2002-08-01,CES4200000001,Wholesale Trade,14971.2
2002-09-01,CES4200000001,Wholesale Trade,14952.7
2002-10-01,CES4200000001,Wholesale Trade,14958.1
2002-11-01,CES4200000001,Wholesale Trade,14945.3
2002-12-01,CES4200000001,Wholesale Trade,14957.2
2003-01-01,CES4200000001,Wholesale Trade,14939.1
2003-02-01,CES4200000001,Wholesale Trade,14904.0
2003-03-01,CES4200000001,Wholesale Trade,14879.2
2003-04-01,CES4200000001,Wholesale Trade,14889.6
2003-05-01,CES4200000001,Wholesale Trade,14881.1
2003-06-01,CES4200000001,Wholesale Trade,14866.3
2003-07-01,CES4200000001,Wholesale Trade,14854.4
2003-08-01,CES4200000001,Wholesale Trade,14881.5
2003-09-01,CES4200000001,Wholesale Trade,14912.4
2003-10-01,CES4200000001,Wholesale Trade,14928.2
2003-11-01,CES4200000001,Wholesale Trade,14907.5
2003-12-01,CES4200000001,Wholesale Trade,14901.3
2004-01-01,CES4200000001,Wholesale Trade,14948.1
2004-02-01,CES4200000001,Wholesale Trade,14946.4
2004-03-01,CES4200000001,Wholesale Trade,14994.6
2004-04-01,CES4200000001,Wholesale Trade,15014.6
2004-05-01,CES4200000001,Wholesale Trade,15029.6
2004-06-01,CES4200000001,Wholesale Trade,15053.4
2004-07-01,CES4200000001,Wholesale Trade,15037.3
2004-08-01,CES4200000001,Wholesale Trade,15038.1
2004-09-01,CES4200000001,Wholesale Trade,15062.7
2004-10-01,CES4200000001,Wholesale Trade,15090.7
2004-11-01,CES4200000001,Wholesale Trade,15111.8
2004-12-01,CES4200000001,Wholesale Trade,15104.1
2005-01-01,CES4200000001,Wholesale Trade,15124.4
2005-02-01,CES4200000001,Wholesale Trade,15164.4
2005-03-01,CES4200000001,Wholesale Trade,15165.9
2005-04-01,CES4200000001,Wholesale Trade,15215.2
2005-05-01,CES4200000001,Wholesale Trade,15232.1
2005-06-01,CES4200000001,Wholesale Trade,15266.2
2005-07-01,CES4200000001,Wholesale Trade,15307.7
2005-08-01,CES4200000001,Wholesale Trade,15323.9
2005-09-01,CES4200000001,Wholesale Trade,15297.6
2005-10-01,CES4200000001,Wholesale Trade,15294.6
2005-11-01,CES4200000001,Wholesale Trade,15325.6
2005-12-01,CES4200000001,Wholesale Trade,15331.2
2006-01-01,CES4200000001,Wholesale Trade,15318.9
2006-02-01,CES4200000001,Wholesale Trade,15325.6
2006-03-01,CES4200000001,Wholesale Trade,15351.8
2006-04-01,CES4200000001,Wholesale Trade,15317.0
2006-05-01,CES4200000001,Wholesale Trade,15285.6
2006-06-01,CES4200000001,Wholesale Trade,15297.4
2006-07-01,CES4200000001,Wholesale Trade,15298.9
2006-08-01,CES4200000001,Wholesale Trade,15301.6
2006-09-01,CES4200000001,Wholesale Trade,15304.8
2006-10-01,CES4200000001,Wholesale Trade,15338.6
2006-11-01,CES4200000001,Wholesale Trade,15374.0
2006-12-01,CES4200000001,Wholesale Trade,15375.3
2007-01-01,CES4200000001,Wholesale Trade,15411.5
2007-02-01,CES4200000001,Wholesale Trade,15440.3
2007-03-01,CES4200000001,Wholesale Trade,15498.8
2007-04-01,CES4200000001,Wholesale Trade,15477.4
2007-05-01,CES4200000001,Wholesale Trade,15494.4
2007-06-01,CES4200000001,Wholesale Trade,15478.7
2007-07-01,CES4200000001,Wholesale Trade,15483.2
2007-08-01,CES4200000001,Wholesale Trade,15484.0
2007-09-01,CES4200000001,Wholesale Trade,15492.7
2007-10-01,CES4200000001,Wholesale Trade,15485.8
2007-11-01,CES4200000001,Wholesale Trade,15549.8
2007-12-01,CES4200000001,Wholesale Trade,15544.7
2008-01-01,CES4200000001,Wholesale Trade,15525.5
2008-02-01,CES4200000001,Wholesale Trade,15490.6
2008-03-01,CES4200000001,Wholesale Trade,15479.9
2008-04-01,CES4200000001,Wholesale Trade,15396.7
2008-05-01,CES4200000001,Wholesale Trade,15334.0
2008-06-01,CES4200000001,Wholesale Trade,15310.0
2008-07-01,CES4200000001,Wholesale Trade,15270.2
2008-08-01,CES4200000001,Wholesale Trade,15209.3
2008-09-01,CES4200000001,Wholesale Trade,15143.5
2008-10-01,CES4200000001,Wholesale Trade,15081.9
2008-11-01,CES4200000001,Wholesale Trade,14953.1
2008-12-01,CES4200000001,Wholesale Trade,14847.5
2009-01-01,CES4200000001,Wholesale Trade,14763.8
2009-02-01,CES4200000001,Wholesale Trade,14680.6
2009-03-01,CES4200000001,Wholesale Trade,14594.3
2009-04-01,CES4200000001,Wholesale Trade,14530.6
2009-05-01,CES4200000001,Wholesale Trade,14514.9
2009-06-01,CES4200000001,Wholesale Trade,14501.7
2009-07-01,CES4200000001,Wholesale Trade,14446.8
2009-08-01,CES4200000001,Wholesale Trade,14438.7
2009-09-01,CES4200000001,Wholesale Trade,14406.6
2009-10-01,CES4200000001,Wholesale Trade,14358.2
2009-11-01,CES4200000001,Wholesale Trade,14340.4
2009-12-01,CES4200000001,Wholesale Trade,14309.1
